Date,Open,High,Low,Close
01/03/84,164.04,164.93,163.98,164.04
01/04/84,166.78,166.78,164.04,166.78
01/05/84,168.81,169.1,166.78,168.81
01/06/84,169.28,169.31,168.49,169.28
01/09/84,168.9,169.46,168.48,168.9
01/10/84,167.95,169.52,168.64,167.95
01/11/84,167.79,167.58,167.33,167.79
01/12/84,167.75,167.91,167.68,167.75
01/13/1984,167.02,168.52,166.82,167.02
01/16/1984,167.18,167.55,166.77,167.18
01/17/1984,167.83,167.84,167.01,167.83
01/18/1984,167.55,168.34,167.02,167.55
01/19/1984,167.04,167.65,166.67,167.04
01/20/1984,166.21,167.06,165.87,166.21
01/23/1984,164.87,166.21,164.83,164.87
01/24/1984,165.94,166.35,164.84,165.94
01/25/1984,164.84,167.12,164.74,164.84
01/26/1984,164.24,165.55,164.12,164.24
01/27/1984,163.94,164.33,163.07,163.94
01/30/1984,162.87,164.67,162.4,162.87
01/31/1984,163.41,163.6,162.03,163.41
02/01/84,162.74,164,162.27,162.74
02/02/84,163.36,163.36,162.24,163.36
02/03/84,160.91,163.98,160.82,160.91
02/06/84,158.08,160.91,158.02,158.08
02/07/84,158.74,158.81,157.01,158.74
02/08/84,155.85,158.65,155.07,155.85
02/09/84,155.42,156.17,154.3,155.42
02/10/84,156.3,156.52,155.42,156.3
02/13/1984,154.95,156.32,154.13,154.95
02/14/1984,156.61,156.61,154.95,156.61
02/15/1984,156.25,157.48,156.1,156.25
02/16/1984,156.13,156.44,155.44,156.13
02/17/1984,155.74,156.8,155.51,155.74
02/21/1984,154.64,155.74,154.47,154.64
02/22/1984,154.31,155.1,153.94,154.31
02/23/1984,154.29,154.45,152.13,154.29
02/24/1984,157.51,157.51,154.29,157.51
02/27/1984,159.3,159.58,157.08,159.3
02/28/1984,156.82,159.3,156.59,156.82
02/29/1984,157.06,158.27,156.41,157.06
03/01/84,158.19,158.19,156.77,158.19
03/02/84,159.24,159.9,158.19,159.24
03/05/84,157.89,159.24,157.59,157.89
03/06/84,156.25,158.37,156.21,156.25
03/07/84,154.57,156.25,153.81,154.57
03/08/84,155.19,155.8,154.35,155.19
03/09/84,154.35,155.19,153.17,154.35
03/12/84,156.34,156.35,154.35,156.34
03/13/1984,156.78,157.93,156.34,156.78
03/14/1984,156.77,157.17,156.22,156.77
03/15/1984,157.41,158.05,156.73,157.41
03/16/1984,159.27,160.45,157.41,159.27
03/19/1984,157.78,159.27,157.28,157.78
03/20/1984,158.86,159.17,157.78,158.86
03/21/1984,158.66,159.26,158.59,158.66
03/22/1984,156.69,158.67,156.61,156.69
03/23/1984,156.86,156.9,156.05,156.86
03/26/1984,156.67,157.18,156.31,156.67
03/27/1984,157.3,157.3,156.61,157.3
03/28/1984,159.88,159.9,157.3,159.88
03/29/1984,159.52,160.46,159.52,159.52
03/30/1984,159.18,159.52,158.92,159.18
04/02/84,157.98,159.87,157.63,157.98
04/03/84,157.66,158.27,157.17,157.66
04/04/84,157.54,158.11,157.29,157.54
04/05/84,155.04,158.1,154.96,155.04
04/06/84,155.48,155.48,154.12,155.48
04/09/84,155.45,155.86,154.71,155.45
04/10/84,155.87,156.57,155.45,155.87
04/11/84,155,156.31,154.9,155
04/12/84,157.73,157.74,154.17,157.73
04/13/1984,157.31,158.87,157.13,157.31
04/16/1984,158.32,158.35,156.49,158.32
04/17/1984,158.97,169.59,158.32,158.97
04/18/1984,157.9,158.97,157.64,157.9
04/19/1984,158.02,159.02,157.1,158.02
04/23/1984,156.8,158.05,156.79,156.8
04/24/1984,158.07,158.38,156.63,158.07
04/25/1984,158.65,158.77,157.8,158.65
04/26/1984,160.3,160.5,158.65,160.3
04/27/1984,159.89,160.69,159.77,159.89
04/30/1984,160.05,160.43,159.3,160.05
05/01/84,161.68,161.69,160.05,161.68
05/02/84,161.9,162.11,161.41,161.9
05/03/84,161.2,161.9,160.95,161.2
05/04/84,159.11,161.2,158.33,159.11
05/07/84,159.47,159.48,158.63,159.47
05/08/84,160.52,160.52,159.14,160.52
05/09/84,160.11,161.31,159.39,160.11
05/10/84,160,160.45,159.61,160
05/11/84,158.49,160,157.42,158.49
05/14/1984,157.5,158.49,157.2,157.5
05/15/1984,158,158.27,157.29,158
05/16/1984,157.99,158.41,157.83,157.99
05/17/1984,156.57,157.99,156.15,156.57
05/18/1984,155.78,156.77,155.24,155.78
05/21/1984,154.73,156.11,154.63,154.73
05/22/1984,153.88,154.73,152.99,153.88
05/23/1984,153.15,154.02,153.1,153.15
05/24/1984,151.23,153.15,150.8,151.23
05/25/1984,151.62,152.02,150.85,151.62
05/29/1984,150.29,151.86,149.95,150.29
05/30/1984,150.35,151.43,148.68,150.35
05/31/1984,150.55,150.69,149.76,150.55
06/01/84,153.24,153.24,150.55,153.24
06/04/84,154.34,155.1,153.24,154.34
06/05/84,153.65,154.34,153.28,153.65
06/06/84,155.01,155.03,153.38,155.01
06/07/84,154.92,155.11,154.36,154.92
06/08/84,155.17,155.2,154.64,155.17
06/11/84,153.06,155.17,153,153.06
06/12/84,152.19,153.07,151.61,152.19
06/13/1984,152.13,152.85,151.86,152.13
06/14/1984,150.39,151.89,150.7,150.39
06/15/1984,149.03,150.56,149.42,149.03
06/18/1984,151.73,151.92,148.53,151.73
06/19/1984,152.61,153,151.73,152.61
06/20/1984,154.84,154.84,150.96,154.84
06/21/1984,154.51,155.64,154.05,154.51
06/22/1984,154.47,154.92,153.89,154.47
06/25/1984,153.97,154.5,154.04,153.97
06/26/1984,152.71,153.97,152.47,152.71
06/27/1984,151.64,152.88,151.3,151.64
06/28/1984,152.84,153.07,151.62,152.84
06/29/1984,153.18,153.95,153.21,153.18
07/02/84,153.2,153.22,152.44,153.2
07/03/84,153.7,153.86,153.1,153.7
07/05/84,152.76,153.87,152.71,152.76
07/06/84,152.24,152.76,151.63,152.24
07/09/84,153.36,153.53,151.44,153.36
07/10/84,152.89,153.53,152.57,152.89
07/11/84,150.56,152.5,151.46,150.56
07/12/84,150.03,151.06,149.63,150.03
07/13/1984,150.88,151.16,150.03,150.88
07/16/1984,151.6,151.3,150.14,151.6
07/17/1984,152.38,152.6,151.26,152.38
07/18/1984,151.4,152.38,151.11,151.4
07/19/1984,150.37,151.4,150.27,150.37
07/20/1984,149.55,158.58,149.07,149.55
07/23/1984,148.95,149.55,147.85,148.95
07/24/1984,147.82,149.28,147.78,147.82
07/25/1984,148.83,149.3,147.26,148.83
07/26/1984,150.08,150.16,148.83,150.08
07/27/1984,151.19,151.38,149.99,151.19
07/30/1984,150.19,151.19,150.14,150.19
07/31/1984,150.66,151.77,149.65,150.66
08/01/84,154.08,154.08,150.66,154.08
08/02/84,157.99,157.99,154.08,157.99
08/03/84,162.35,162.56,157.99,162.35
08/06/84,162.6,165.27,162.09,162.6
08/07/84,162.71,163.58,160.81,162.71
08/08/84,161.75,163.87,161.75,161.75
08/09/84,165.54,165.88,161.47,165.54
08/10/84,165.42,168.59,165.24,165.42
08/13/1984,165.43,165.49,163.98,165.43
08/14/1984,164.42,166.09,164.28,164.42
08/15/1984,162.8,164.42,162.75,162.8
08/16/1984,163.77,164.42,162.75,163.77
08/17/1984,164.14,164.61,163.78,164.14
08/20/1984,164.94,164.94,163.76,164.94
08/21/1984,167.83,168.22,164.93,167.83
08/22/1984,167.06,168.8,166.92,167.06
08/23/1984,167.12,167.78,166.61,167.12
08/24/1984,167.51,167.52,167.12,167.51
08/27/1984,166.44,167.51,165.81,166.44
08/28/1984,167.4,167.43,166.21,167.4
08/29/1984,167.1,168.21,167.03,167.1
08/30/1984,166.6,167.19,166.55,166.6
08/31/1984,166.68,166.68,165.78,166.68
09/04/84,164.88,166.68,164.73,164.88
09/05/84,164.29,164.88,163.84,164.29
09/06/84,165.65,165.95,164.29,165.65
09/07/84,164.37,166.31,164.22,164.37
09/10/84,164.26,165.05,164.26,164.26
09/11/84,164.45,166.17,164.26,164.45
09/12/84,164.68,164.81,164.14,164.68
09/13/1984,167.94,167.94,164.68,167.94
09/14/1984,168.78,169.65,167.94,168.78
09/17/1984,168.87,169.37,167.99,168.87
09/18/1984,167.65,168.87,167.64,167.65
09/19/1984,166.94,166.94,166.89,166.94
09/20/1984,167.47,167.47,166.7,167.47
09/21/1984,165.67,168.67,165.66,165.67
09/24/1984,165.28,166.12,164.98,165.28
09/25/1984,165.62,165.97,164.45,165.62
09/26/1984,166.28,167.2,165.61,166.28
09/27/1984,166.96,167.18,166.28,166.96
09/28/1984,166.1,166.96,165.77,166.1
10/01/84,164.62,166.1,164.48,164.62
10/02/84,163.59,165.24,163.55,163.59
10/03/84,162.44,163.59,162.2,162.44
10/04/84,162.92,163.16,162.44,162.92
10/05/84,162.68,163.32,162.51,162.68
10/08/84,162.13,162.68,161.8,162.13
10/09/84,161.67,162.84,161.62,161.67
10/10/84,162.11,162.12,160.02,162.11
10/11/84,162.78,162.87,162,162.78
10/12/84,164.18,164.47,162.78,164.18
10/15/1984,165.77,166.15,164.09,165.77
10/16/1984,164.78,165.78,164.66,164.78
10/17/1984,164.14,165.04,163.71,164.14
10/18/1984,168.1,168.1,163.8,168.1
10/19/1984,167.96,169.62,167.31,167.96
10/22/1984,167.36,168.36,167.26,167.36
10/23/1984,167.09,168.27,166.83,167.09
10/24/1984,167.2,167.54,166.82,167.2
10/25/1984,166.31,167.62,166.17,166.31
10/26/1984,165.29,166.31,164.93,165.29
10/29/1984,164.78,165.29,164.67,164.78
10/30/1984,166.84,167.33,164.78,166.84
10/31/1984,166.09,166.95,165.99,166.09
11/01/84,167.49,167.83,166.09,167.49
11/02/84,167.42,167.95,167.24,167.42
11/05/84,168.58,168.58,167.33,168.58
11/06/84,170.41,170.41,168.66,170.41
11/07/84,169.17,170.3,168.55,169.17
11/08/84,168.68,169.18,168.31,168.68
11/09/84,167.6,169.35,167.48,167.6
11/12/84,167.36,167.61,166.74,167.36
11/13/1984,165.97,167.35,165.85,165.97
11/14/1984,165.99,166.37,165.49,165.99
11/15/1984,165.89,166.39,165.64,165.89
11/16/1984,164.1,166.23,164.1,164.1
11/19/1984,163.1,164.23,163.1,163.1
11/20/1984,164.18,164.43,163.18,164.18
11/21/1984,164.52,164.65,163.4,164.52
11/23/1984,166.92,166.92,164.55,166.92
11/26/1984,165.55,166.8,165.43,165.55
11/27/1984,166.29,166.79,165.17,166.29
11/28/1984,165.02,166.9,165.02,165.02
11/29/1984,163.91,164.91,163.79,163.91
11/30/1984,163.58,163.83,163.08,163.58
12/03/84,162.82,163.57,162.32,162.82
12/04/84,163.38,163.88,162.88,163.38
12/05/84,162.1,163.35,161.98,162.1
12/06/84,162.76,163.01,161.76,162.76
12/07/84,162.26,163.26,162.26,162.26
12/10/84,162.83,163.21,161.58,162.83
12/11/84,163.07,163.07,162.57,163.07
12/12/84,162.63,163.13,162.63,162.63
12/13/1984,161.81,162.81,161.56,161.81
12/14/1984,162.69,163.19,161.44,162.69
12/17/1984,163.61,163.18,162.56,163.61
12/18/1984,168.11,168.11,163.24,168.11
12/19/1984,167.16,168.91,166.91,167.16
12/20/1984,166.38,167.51,166.38,166.38
12/21/1984,165.51,166.26,164.64,165.51
12/24/1984,166.76,166.89,165.51,166.76
12/26/1984,166.47,166.72,166.35,166.47
12/27/1984,165.75,166.5,165.63,165.75
12/28/1984,166.26,166.26,165.76,166.26
12/31/1984,167.24,169.24,166.12,167.24
01/02/85,165.37,167.12,165.25,165.37
01/03/85,164.57,166.07,164.45,164.57
01/04/85,163.68,164.56,163.43,163.68
01/07/85,164.24,164.62,163.74,164.24
01/08/85,163.99,164.49,163.99,163.99
01/09/85,165.18,165.56,164.06,165.18
01/10/85,168.31,168.31,165.06,168.31
01/11/85,167.91,168.66,167.66,167.91
01/14/1985,170.51,170.51,167.64,170.51
01/15/1985,170.81,171.81,170.44,170.81
01/16/1985,171.19,171.94,170.44,171.19
01/17/1985,170.73,171.23,170.23,170.73
01/18/1985,171.32,171.32,170.7,171.32
01/21/1985,175.23,175.36,171.36,175.23
01/22/1985,175.48,176.61,175.23,175.48
01/23/1985,177.3,176.11,175.24,177.3
01/24/1985,176.71,178.09,176.59,176.71
01/25/1985,177.35,177.73,176.6,177.35
01/28/1985,177.4,178.15,176.65,177.4
01/29/1985,179.18,179.18,176.68,179.18
01/30/1985,179.39,180.27,179.14,179.39
01/31/1985,179.63,179.76,178.63,179.63
02/01/85,178.63,179.63,178.51,178.63
02/04/85,180.35,180.35,177.85,180.35
02/05/85,180.61,181.49,180.11,180.61
02/06/85,180.43,181.43,180.43,180.43
02/07/85,181.82,181.95,180.45,181.82
02/08/85,182.19,182.32,181.69,182.19
02/11/85,180.51,182.14,180.14,180.51
02/12/85,180.56,180.69,179.56,180.56
02/13/1985,183.35,183.85,180.6,183.35
02/14/1985,182.41,183.91,182.41,182.41
02/15/1985,181.6,182.6,181.35,181.6
02/19/1985,181.33,181.58,180.96,181.33
02/20/1985,181.18,182.06,180.68,181.18
02/21/1985,180.19,181.07,180.07,180.19
02/22/1985,179.36,180.36,179.24,179.36
02/25/1985,179.23,179.36,178.23,179.23
02/26/1985,181.17,181.55,179.17,181.17
02/27/1985,180.71,181.84,180.59,180.71
02/28/1985,181.18,181.18,180.43,181.18
03/01/85,183.23,183.86,181.23,183.23
03/04/85,182.06,183.31,181.44,182.06
03/05/85,182.23,182.61,181.48,182.23
03/06/85,180.65,182.15,180.65,180.65
03/07/85,179.51,180.64,179.51,179.51
03/08/85,179.1,179.85,179.1,179.1
03/11/85,178.79,179.42,178.17,178.79
03/12/85,179.66,180.04,178.79,179.66
03/13/1985,178.19,179.94,178.07,178.19
03/14/1985,177.84,178.47,177.72,177.84
03/15/1985,176.53,178.41,176.53,176.53
03/18/1985,176.88,177.63,176.63,176.88
03/19/1985,179.54,179.54,176.92,179.54
03/20/1985,179.08,179.71,178.83,179.08
03/21/1985,179.35,180.1,179.35,179.35
03/22/1985,179.04,179.92,178.92,179.04
03/25/1985,177.97,178.97,177.97,177.97
03/26/1985,178.43,178.81,177.93,178.43
03/27/1985,179.54,179.79,178.54,179.54
03/28/1985,179.54,180.54,179.54,179.54
03/29/1985,180.66,180.66,179.66,180.66
04/01/85,181.27,181.27,180.52,181.27
04/02/85,180.53,181.78,180.28,180.53
04/03/85,179.11,180.49,178.74,179.11
04/04/85,179.03,179.03,178.41,179.03
04/08/85,178.03,179.41,177.91,178.03
04/09/85,178.21,178.59,178.09,178.21
04/10/85,179.42,179.8,178.3,179.42
04/11/85,180.19,180.82,179.44,180.19
04/12/85,180.54,180.35,180.22,180.54
04/15/1985,180.92,181.05,180.55,180.92
04/16/1985,181.2,181.7,180.2,181.2
04/17/1985,181.68,181.81,181.18,181.68
04/18/1985,180.84,182.47,180.84,180.84
04/19/1985,181.11,181.24,180.49,181.11
04/22/1985,180.7,181.2,180.33,180.7
04/23/1985,181.88,181.88,180.38,181.88
04/24/1985,182.26,182.26,181.76,182.26
04/25/1985,183.43,183.56,182.18,183.43
04/26/1985,182.18,183.56,182.18,182.18
04/29/1985,180.63,182.26,180.63,180.63
04/30/1985,179.83,180.58,178.96,179.83
05/01/85,178.37,180.58,178.96,178.37
05/02/85,179.01,179.01,178.39,179.01
05/03/85,180.08,180.21,179.08,180.08
05/06/85,179.99,180.49,179.87,179.99
05/07/85,180.76,181.14,179.89,180.76
05/08/85,180.62,180.75,180,180.62
05/09/85,181.92,181.92,180.67,181.92
05/10/85,184.28,184.66,182.03,184.28
05/13/1985,184.61,184.61,184.24,184.61
05/14/1985,183.87,185.12,183.75,183.87
05/15/1985,184.54,185.42,183.92,184.54
05/16/1985,185.66,185.66,184.66,185.66
05/17/1985,187.42,187.92,185.55,187.42
05/20/1985,189.72,189.97,187.47,189.72
05/21/1985,189.64,189.77,188.89,189.64
05/22/1985,188.56,189.56,187.81,188.56
05/23/1985,187.6,188.48,187.48,187.6
05/24/1985,188.29,188.29,187.29,188.29
05/28/1985,187.86,188.86,187.49,187.86
05/29/1985,187.68,187.81,187.18,187.68
05/30/1985,187.75,188,187.13,187.75
05/31/1985,189.55,189.55,187.55,189.55
06/03/85,189.32,190.32,188.95,189.32
06/04/85,190.04,190.17,188.92,190.04
06/05/85,190.16,190.91,190.16,190.16
06/06/85,191.06,191.06,189.19,191.06
06/07/85,189.68,191.18,189.56,189.68
06/10/85,189.51,189.64,188.89,189.51
06/11/85,189.04,189.54,188.79,189.04
06/12/85,187.61,188.99,187.61,187.61
06/13/1985,185.33,187.58,185.08,185.33
06/14/1985,187.1,187.1,185.35,187.1
06/17/1985,186.53,187.03,186.03,186.53
06/18/1985,187.34,187.59,186.59,187.34
06/19/1985,186.63,187.88,186.63,186.63
06/20/1985,186.73,186.73,185.98,186.73
06/21/1985,189.61,189.61,186.49,189.61
06/24/1985,189.15,189.53,187.9,189.15
06/25/1985,189.74,190.87,189.24,189.74
06/26/1985,190.06,190.19,189.56,190.06
06/27/1985,191.23,191.36,190.11,191.23
06/28/1985,191.85,191.85,191.1,191.85
07/01/85,192.43,192.43,191.18,192.43
07/02/85,192.01,192.51,191.89,192.01
07/03/85,191.45,191.95,191.45,191.45
07/05/85,192.52,192.65,191.52,192.52
07/08/85,191.93,192.43,191.31,191.93
07/09/85,191.05,191.93,190.93,191.05
07/10/85,192.37,192.37,191,192.37
07/11/85,192.94,192.94,192.32,192.94
07/12/85,193.29,193.29,192.67,193.29
07/15/1985,192.72,193.72,192.6,192.72
07/16/1985,194.72,194.72,192.72,194.72
07/17/1985,195.65,196.03,194.78,195.65
07/18/1985,194.38,195.63,194.38,194.38
07/19/1985,195.13,195.13,194.38,195.13
07/22/1985,194.35,194.35,193.6,194.35
07/23/1985,192.55,194.93,192.3,192.55
07/24/1985,191.58,192.46,190.71,191.58
07/25/1985,192.06,192.19,191.19,192.06
07/26/1985,192.4,192.78,191.65,192.4
07/29/1985,189.6,192.35,189.6,189.6
07/30/1985,189.93,189.93,189.31,189.93
07/31/1985,190.92,191.3,190.05,190.92
08/01/85,192.11,192.11,190.99,192.11
08/02/85,191.48,192.11,191.36,191.48
08/05/85,190.62,191.37,190,190.62
08/06/85,187.93,190.68,187.93,187.93
08/07/85,187.68,187.93,187.43,187.68
08/08/85,188.95,188.95,187.7,188.95
08/09/85,188.32,188.95,188.2,188.32
08/12/85,187.63,188.26,187.51,187.63
08/13/1985,187.3,188.05,186.55,187.3
08/14/1985,187.41,187.79,187.41,187.41
08/15/1985,187.26,187.64,186.64,187.26
08/16/1985,186.1,186.1,186.1,186.1
08/19/1985,186.38,186.64,186.39,186.38
08/20/1985,188.08,188.21,186.46,188.08
08/21/1985,189.16,189.16,188.16,189.16
08/22/1985,187.36,189.11,187.24,187.36
08/23/1985,187.17,187.3,186.67,187.17
08/26/1985,187.31,187.44,186.56,187.31
08/27/1985,188.1,188.1,187.35,188.1
08/28/1985,188.83,188.83,187.96,188.83
08/29/1985,188.93,188.93,188.43,188.93
08/30/1985,188.63,189.13,188.01,188.63
09/03/85,187.91,188.54,187.41,187.91
09/04/85,187.37,187.87,187,187.37
09/05/85,187.27,187.52,186.9,187.27
09/06/85,188.24,188.37,187.37,188.24
09/09/85,188.25,188.75,188,188.25
09/10/85,186.9,188.15,186.53,186.9
09/11/85,185.03,186.78,184.91,185.03
09/12/85,183.69,185.19,183.57,183.69
09/13/1985,182.91,184.16,182.16,182.91
09/16/1985,182.88,182.88,182.51,182.88
09/17/1985,181.36,182.86,180.86,181.36
09/18/1985,181.71,181.71,180.84,181.71
09/19/1985,183.39,183.39,181.77,183.39
09/20/1985,182.05,183.93,182.05,182.05
09/23/1985,184.3,184.55,182.05,184.3
09/24/1985,182.62,184.25,182.5,182.62
09/25/1985,180.66,182.54,180.66,180.66
09/26/1985,181.29,181.29,179.54,181.29
09/30/1985,182.08,182.08,181.33,182.08
10/01/85,185.07,185.07,182.07,185.07
10/02/85,184.06,185.94,184.06,184.06
10/03/85,184.36,185.11,183.61,184.36
10/04/85,183.22,184.35,182.72,183.22
10/07/85,181.87,183.12,181.37,181.87
10/08/85,181.87,182.25,181.25,181.87
10/09/85,182.52,183.27,181.9,182.52
10/10/85,182.78,182.78,182.16,182.78
10/11/85,184.28,184.28,182.66,184.28
10/14/1985,186.37,186.37,184.37,186.37
10/15/1985,186.08,187.08,185.71,186.08
10/16/1985,187.98,187.98,186.11,187.98
10/17/1985,187.66,188.41,187.54,187.66
10/18/1985,187.04,188.04,186.92,187.04
10/21/1985,186.96,187.21,186.84,186.96
10/22/1985,188.04,188.54,187.04,188.04
10/23/1985,189.09,189.09,188.09,189.09
10/24/1985,188.5,189.38,188.5,188.5
10/25/1985,187.52,188.4,187.4,187.52
10/28/1985,187.76,187.76,187.01,187.76
10/29/1985,189.23,189.73,187.86,189.23
10/30/1985,190.07,190.07,189.2,190.07
10/31/1985,189.82,190.95,189.45,189.82
11/01/85,191.53,191.53,189.41,191.53
11/04/85,191.25,191.88,190.75,191.25
11/05/85,192.37,192.37,191,192.37
11/06/85,192.76,193.01,191.89,192.76
11/07/85,192.62,192.87,192.25,192.62
11/08/85,193.72,193.97,192.6,193.72
11/11/85,197.28,197.29,193.79,197.28
11/12/85,198.08,198.58,197.08,198.08
11/13/1985,197.1,198.1,196.98,197.1
11/14/1985,199.06,199.19,196.94,199.06
11/15/1985,198.11,199.49,197.99,198.11
11/18/1985,198.71,198.71,197.59,198.71
11/19/1985,198.67,199.42,198.05,198.67
11/20/1985,198.99,199.12,198.62,198.99
11/21/1985,201.41,201.41,199.04,201.41
11/22/1985,201.52,201.9,201.15,201.52
11/25/1985,200.35,201.48,200.1,200.35
11/26/1985,200.67,201.05,200.17,200.67
11/27/1985,202.54,202.54,200.79,202.54
11/29/1985,202.17,203.3,201.92,202.17
12/02/85,200.46,202.09,200.21,200.46
12/03/85,200.86,200.86,200.11,200.86
12/04/85,204.23,204.23,200.98,204.23
12/05/85,203.88,205.76,203.88,203.88
12/06/85,202.99,203.87,202.49,202.99
12/09/85,204.25,204.25,203,204.25
12/10/85,204.39,205.14,203.77,204.39
12/11/85,206.31,206.56,204.19,206.31
12/12/85,206.73,207.61,205.86,206.73
12/13/1985,209.94,210.19,206.82,209.94
12/16/1985,212.02,213.02,210.02,212.02
12/17/1985,210.65,212.4,210.65,210.65
12/18/1985,209.81,211.19,209.31,209.81
12/19/1985,210.02,210.02,209.27,210.02
12/20/1985,210.94,211.69,210.07,210.94
12/23/1985,208.57,210.82,208.45,208.57
12/24/1985,207.14,208.52,206.52,207.14
12/26/1985,207.65,207.65,207.15,207.65
12/27/1985,209.61,209.61,207.74,209.61
12/30/1985,210.68,210.68,209.18,210.68
12/31/1985,211.28,211.66,210.78,211.28
01/02/86,209.59,211.22,208.97,209.59
01/03/86,210.88,210.88,209.63,210.88
01/06/86,210.65,210.9,210.03,210.65
01/07/86,213.8,213.8,210.68,213.8
01/08/86,207.97,214.47,207.6,207.97
01/09/86,206.11,207.86,204.61,206.11
01/10/86,205.96,207.21,205.59,205.96
01/13/1986,206.72,206.72,205.6,206.72
01/14/1986,206.64,207.27,206.14,206.64
01/15/1986,208.26,208.26,206.76,208.26
01/16/1986,209.17,209.17,207.67,209.17
01/17/1986,208.43,209.31,207.68,208.43
01/20/1986,207.53,208.41,206.66,207.53
01/21/1986,205.79,207.67,205.17,205.79
01/22/1986,203.49,205.99,203.49,203.49
01/23/1986,204.25,204.38,202.63,204.25
01/24/1986,206.43,206.43,204.31,206.43
01/27/1986,207.39,207.64,206.52,207.39
01/28/1986,209.81,209.81,207.44,209.81
01/29/1986,210.29,212.29,209.92,210.29
01/30/1986,209.33,211.46,209.21,209.33
01/31/1986,211.78,212.41,209.28,211.78
02/03/86,213.96,214.09,211.71,213.96
02/04/86,212.79,214.54,210.92,212.79
02/05/86,212.96,212.96,211.21,212.96
02/06/86,213.47,214.1,212.72,213.47
02/07/86,214.56,215.19,211.19,214.56
02/10/86,216.24,216.24,214.49,216.24
02/11/86,215.92,216.67,215.55,215.92
02/12/86,215.97,216.22,215.22,215.97
02/13/1986,217.4,217.4,215.4,217.4
02/14/1986,219.76,219.76,217.26,219.76
02/18/1986,222.45,222.45,219.33,222.45
02/19/1986,219.76,222.89,219.76,219.76
02/20/1986,222.22,222.22,219.22,222.22
02/21/1986,224.62,224.62,222.25,224.62
02/24/1986,224.34,225.22,223.34,224.34
02/25/1986,223.79,224.29,222.67,223.79
02/26/1986,224.04,224.54,223.17,224.04
02/27/1986,226.77,226.77,223.52,226.77
02/28/1986,226.92,227.92,225.42,226.92
03/03/86,225.42,226.92,224.42,225.42
03/04/86,224.38,227.26,224.01,224.38
03/05/86,224.34,224.34,222.22,224.34
03/06/86,225.13,225.38,224.13,225.13
03/07/86,225.57,226.32,224.45,225.57
03/10/86,226.58,226.96,225.46,226.58
03/11/86,231.69,231.69,226.69,231.69
03/12/86,232.51,234.67,231.79,232.51
03/13/1986,233.19,233.82,231.32,233.19
03/14/1986,236.55,236.55,232.68,236.55
03/17/1986,234.67,236.55,233.8,234.67
03/18/1986,235.78,236.53,234.16,235.78
03/19/1986,235.6,236.48,235.23,235.6
03/20/1986,236.54,237.04,235.67,236.54
03/21/1986,233.34,237.34,233.34,233.34
03/24/1986,235.33,235.33,232.96,235.33
03/25/1986,234.72,235.22,233.72,234.72
03/26/1986,237.3,237.68,234.8,237.3
03/27/1986,238.97,240.1,237.35,238.97
03/31/1986,238.9,239.78,238.15,238.9
04/01/86,235.14,239.02,234.64,235.14
04/02/86,235.71,235.71,233.46,235.71
04/03/86,232.47,236.35,232.1,232.47
04/04/86,228.69,232.44,228.44,228.69
04/07/86,228.63,228.76,226.38,228.63
04/08/86,233.52,233.65,228.65,233.52
04/09/86,233.75,235.5,232.25,233.75
04/10/86,236.44,236.44,233.82,236.44
04/11/86,235.97,237.85,235.22,235.97
04/14/1986,237.28,237.41,235.53,237.28
04/15/1986,237.73,237.98,236.73,237.73
04/16/1986,242.22,242.47,237.85,242.22
04/17/1986,243.03,243.28,241.91,243.03
04/18/1986,242.38,243.38,241.76,242.38
04/21/1986,244.74,244.74,241.99,244.74
04/22/1986,242.42,245.42,241.42,242.42
04/23/1986,241.75,242.38,240.13,241.75
04/24/1986,242.02,243.02,241.77,242.02
04/25/1986,242.29,242.79,240.92,242.29
04/28/1986,243.08,243.08,241.33,243.08
04/29/1986,240.51,243.51,239.26,240.51
04/30/1986,235.52,240.52,235.27,235.52
05/01/86,235.16,235.91,234.29,235.16
05/02/86,234.79,236.42,234.17,234.79
05/05/86,237.73,237.73,234.86,237.73
05/06/86,237.24,238.24,236.24,237.24
05/07/86,236.08,237.21,234.08,236.08
05/08/86,237.13,237.88,236.13,237.13
05/09/86,237.85,237.98,235.85,237.85
05/12/86,237.58,238.46,237.08,237.58
05/13/1986,236.41,237.79,236.04,236.41
05/14/1986,237.54,237.54,235.92,237.54
05/15/1986,234.43,237.43,233.93,234.43
05/16/1986,232.76,234.39,232.26,232.76
05/19/1986,233.2,233.45,232.45,233.2
05/20/1986,236.11,236.11,232.61,236.11
05/21/1986,235.45,236.83,235.45,235.45
05/22/1986,240.12,240.25,235.5,240.12
05/23/1986,241.35,242.1,240.23,241.35
05/27/1986,244.75,244.75,241.38,244.75
05/28/1986,246.63,247.38,244.76,246.63
05/29/1986,247.98,248.23,245.36,247.98
05/30/1986,247.35,249.1,246.48,247.35
06/02/86,245.04,247.67,243.92,245.04
06/03/86,245.51,245.51,243.76,245.51
06/04/86,243.94,246.19,242.69,243.94
06/05/86,245.65,245.65,243.53,245.65
06/06/86,245.67,246.05,244.55,245.67
06/09/86,239.96,245.59,239.71,239.96
06/10/86,239.58,240.08,238.33,239.58
06/11/86,241.13,241.13,239.26,241.13
06/12/86,241.49,241.62,240.74,241.49
06/13/1986,245.73,245.86,241.73,245.73
06/16/1986,246.13,246.38,245.26,246.13
06/17/1986,244.35,246.23,243.6,244.35
06/18/1986,244.99,245.24,242.62,244.99
06/19/1986,244.06,245.69,244.06,244.06
06/20/1986,247.96,247.56,244.44,247.96
06/23/1986,245.26,247.51,244.51,245.26
06/24/1986,247.03,248.16,244.53,247.03
06/25/1986,248.93,250.06,247.06,248.93
06/26/1986,248.74,249.37,247.74,248.74
06/27/1986,249.6,249.73,248.85,249.6
06/30/1986,250.84,251.72,249.72,250.84
07/01/86,252.04,252.04,250.54,252.04
07/02/86,252.7,253.2,251.83,252.7
07/03/86,251.79,252.92,251.29,251.79
07/07/86,244.05,251.8,243.68,244.05
07/08/86,241.59,241.59,239.47,241.59
07/09/86,242.82,243.07,241.57,242.82
07/10/86,243.01,243.39,239.76,243.01
07/11/86,242.22,243.47,241.72,242.22
07/14/1986,238.11,242.11,238.11,238.11
07/15/1986,233.66,238.04,233.66,233.66
07/16/1986,235.01,236.14,233.76,235.01
07/17/1986,236.07,236.57,235.07,236.07
07/18/1986,236.36,238.11,233.99,236.36
07/21/1986,236.24,236.22,235.85,236.24
07/22/1986,238.18,238.31,235.93,238.18
07/23/1986,238.67,239.17,238.17,238.67
07/24/1986,237.95,238.95,237.33,237.95
07/25/1986,240.22,240.35,237.97,240.22
07/28/1986,236.01,240.14,235.26,236.01
07/29/1986,234.55,235.93,234.43,234.55
07/30/1986,236.59,237.34,233.09,236.59
07/31/1986,236.12,236.87,236,236.12
08/01/86,234.91,236.54,234.91,234.91
08/04/86,235.99,236,232.25,235.99
08/05/86,237.03,238.28,236.03,237.03
08/06/86,236.84,237.34,235.59,236.84
08/07/86,237.04,237.92,236.42,237.04
08/08/86,236.88,238.01,236.38,236.88
08/11/86,240.68,241.18,236.93,240.68
08/12/86,243.34,243.34,240.47,243.34
08/13/1986,245.67,246.42,243.17,245.67
08/14/1986,246.25,246.75,245.63,246.25
08/15/1986,247.15,247.15,245.78,247.15
08/18/1986,247.38,247.76,245.51,247.38
08/19/1986,246.51,247.39,245.89,246.51
08/20/1986,249.77,249.77,246.52,249.77
08/21/1986,249.67,250.42,249.17,249.67
08/22/1986,250.19,250.57,249.32,250.19
08/25/1986,247.81,250.19,247.81,247.81
08/26/1986,252.84,252.84,247.84,252.84
08/27/1986,253.3,254.18,252.68,253.3
08/28/1986,252.84,253.59,251.97,252.84
08/29/1986,252.93,254.06,251.81,252.93
09/02/86,248.52,253.27,248.15,248.52
09/03/86,250.08,250.08,247.71,250.08
09/04/86,253.83,253.96,250.08,253.83
09/05/86,250.47,254.1,250.35,250.47
09/08/86,248.14,250.39,247.14,248.14
09/09/86,247.67,250.17,247.05,247.67
09/10/86,247.06,247.69,246.19,247.06
09/11/86,235.18,247.06,234.68,235.18
09/12/86,230.67,235.42,228.8,230.67
09/15/1986,231.94,232.82,229.44,231.94
09/16/1986,231.72,231.85,228.35,231.72
09/17/1986,231.68,233.81,231.43,231.68
09/18/1986,232.31,232.81,230.69,232.31
09/19/1986,232.21,232.21,230.71,232.21
09/22/1986,234.93,234.93,232.31,234.93
09/23/1986,235.67,235.8,234.55,235.67
09/24/1986,236.28,237.03,235.53,236.28
09/25/1986,231.83,236.21,230.71,231.83
09/26/1986,232.23,233.61,230.73,232.23
09/29/1986,229.91,232.16,228.16,229.91
09/30/1986,231.32,232.95,229.95,231.32
10/01/86,233.6,234.6,231.35,233.6
10/02/86,233.92,234.3,232.8,233.92
10/03/86,233.71,236.09,232.84,233.71
10/06/86,234.78,235.28,233.28,234.78
10/07/86,234.41,235.16,233.54,234.41
10/08/86,236.68,236.81,233.68,236.68
10/09/86,235.85,238.1,235.73,235.85
10/10/86,235.48,236.23,235.36,235.48
10/13/1986,235.91,235.91,235.04,235.91
10/14/1986,235.37,236.37,234.37,235.37
10/15/1986,238.8,238.93,235.43,238.8
10/16/1986,239.53,240.16,238.91,239.53
10/17/1986,238.84,239.47,237.72,238.84
10/20/1986,235.97,238.72,234.85,235.97
10/21/1986,235.88,236.38,235.01,235.88
10/22/1986,236.26,236.64,235.89,236.26
10/23/1986,239.28,239.66,236.28,239.28
10/24/1986,238.26,239.64,238.26,238.26
10/27/1986,238.77,238.77,236.77,238.77
10/28/1986,239.26,240.51,238.89,239.26
10/29/1986,240.94,240.94,239.07,240.94
10/30/1986,243.71,243.96,240.96,243.71
10/31/1986,243.98,244.48,242.98,243.98
11/03/86,245.8,245.8,244.05,245.8
11/04/86,246.2,246.33,244.45,246.2
11/05/86,246.58,246.96,245.33,246.58
11/06/86,245.87,246.87,244.62,245.87
11/07/86,245.77,246.02,245.02,245.77
11/10/86,246.13,246.13,244.76,246.13
11/11/86,247.08,247.08,246.21,247.08
11/12/86,246.64,247.64,245.77,246.64
11/13/1986,243.02,246.65,243.02,243.02
11/14/1986,244.5,244.5,242,244.5
11/17/1986,243.21,244.71,242.34,243.21
11/18/1986,236.78,243.16,236.66,236.78
11/19/1986,237.66,237.91,235.54,237.66
11/20/1986,242.05,242.05,237.68,242.05
11/21/1986,245.86,246.36,241.99,245.86
11/24/1986,247.45,247.95,245.33,247.45
11/25/1986,248.17,248.17,246.42,248.17
11/26/1986,248.77,248.9,247.77,248.77
11/28/1986,249.22,249.22,248.1,249.22
12/01/86,249.05,249.18,245.8,249.05
12/02/86,254,254,249.13,254
12/03/86,253.85,254.85,253.35,253.85
12/04/86,253.04,254.42,252.92,253.04
12/05/86,251.17,253.8,250.8,251.17
12/08/86,251.16,252.29,248.91,251.16
12/09/86,249.28,251.16,249.28,249.28
12/10/86,250.96,251.46,248.96,250.96
12/11/86,248.17,250.92,247.17,248.17
12/12/86,247.35,248.23,247.1,247.35
12/15/1986,248.21,248.21,245.09,248.21
12/16/1986,250.04,250.04,247.42,250.04
12/17/1986,247.56,249.94,247.31,247.56
12/18/1986,246.78,247.78,246.53,246.78
12/19/1986,249.73,249.86,245.98,249.73
12/22/1986,248.75,249.63,247.5,248.75
12/23/1986,246.34,248.72,245.97,246.34
12/24/1986,246.75,247.13,246.13,246.75
12/26/1986,246.92,246.92,246.8,246.92
12/29/1986,244.67,246.92,244.42,244.67
12/30/1986,243.37,244.62,243.12,243.37
12/31/1986,242.17,244.03,241.28,242.17
01/02/87,246.45,246.45,242.17,246.45
01/05/87,252.19,252.57,246.45,252.19
01/06/87,252.78,253.99,252.14,252.78
01/07/87,255.33,255.72,252.65,255.33
01/08/87,257.29,257.28,254.97,257.29
01/09/87,258.73,259.2,256.11,258.73
01/12/87,260.3,260.3,257.92,260.3
01/13/1987,259.95,260.45,259.21,259.95
01/14/1987,262.64,262.72,259.62,262.64
01/15/1987,265.49,266.68,262.64,265.49
01/16/1987,266.28,267.24,264.31,266.28
01/19/1987,269.34,269.34,264.15,269.34
01/20/1987,269.04,271.03,267.65,269.04
01/21/1987,267.84,270.87,267.35,267.84
01/22/1987,273.91,274.05,267.32,273.91
01/23/1987,270.1,280.96,268.41,270.1
01/26/1987,269.61,270.4,267.73,269.61
01/27/1987,273.75,274.31,269.61,273.75
01/28/1987,275.4,275.71,273.03,275.4
01/29/1987,274.24,276.85,272.54,274.24
01/30/1987,274.08,274.24,271.38,274.08
02/02/87,276.45,277.35,273.16,276.45
02/03/87,275.99,277.83,275.84,275.99
02/04/87,279.64,279.65,275.35,279.64
02/05/87,281.16,282.26,278.66,281.16
02/06/87,280.04,281.79,279.87,280.04
02/09/87,278.16,280.04,277.24,278.16
02/10/87,275.07,278.16,273.49,275.07
02/11/87,277.54,277.71,274.71,277.54
02/12/87,275.62,278.04,273.89,275.62
02/13/1987,279.7,280.91,275.01,279.7
02/17/1987,285.49,285.49,279.7,285.49
02/18/1987,285.42,287.55,282.97,285.42
02/19/1987,285.57,286.24,283.84,285.57
02/20/1987,285.48,285.98,284.31,285.48
02/23/1987,282.38,285.5,279.37,282.38
02/24/1987,282.88,283.33,281.45,282.88
02/25/1987,284,285.35,282.14,284
02/26/1987,282.96,284.4,280.73,282.96
02/27/1987,284.2,284.55,282.77,284.2
03/02/87,283,284.83,282.3,283
03/03/87,284.12,284.19,282.92,284.12
03/04/87,288.62,288.62,284.12,288.62
03/05/87,290.52,291.24,288.6,290.52
03/06/87,290.66,290.67,288.77,290.66
03/09/87,288.3,290.66,287.12,288.3
03/10/87,290.86,290.88,287.89,290.86
03/11/87,290.31,292.51,289.33,290.31
03/12/87,291.22,291.91,289.66,291.22
03/13/1987,289.89,291.79,289.88,289.89
03/16/1987,288.23,289.89,286.64,288.23
03/17/1987,292.47,292.47,287.96,292.47
03/18/1987,292.78,294.58,290.87,292.78
03/19/1987,294.08,294.46,292.26,294.08
03/20/1987,298.17,298.17,294.08,298.17
03/23/1987,301.16,301.17,297.5,301.16
03/24/1987,301.64,301.92,300.14,301.64
03/25/1987,300.38,301.85,299.36,300.38
03/26/1987,300.93,302.72,300.38,300.93
03/27/1987,296.13,301.41,296.06,296.13
03/30/1987,289.2,296.13,286.69,289.2
03/31/1987,291.7,291.87,289.07,291.7
04/01/87,292.39,292.39,288.34,292.39
04/02/87,293.63,294.47,292.02,293.63
04/03/87,300.41,301.3,292.3,300.41
04/06/87,301.95,302.21,300.41,301.95
04/07/87,296.69,303.65,296.69,296.69
04/08/87,297.26,299.2,295.18,297.26
04/09/87,292.86,297.71,291.5,292.86
04/10/87,292.49,293.74,290.94,292.49
04/13/1987,285.62,293.36,285.62,285.62
04/14/1987,279.16,285.62,275.67,279.16
04/15/1987,284.44,285.14,279.16,284.44
04/16/1987,286.91,289.57,284.44,286.91
04/20/1987,286.09,288.36,284.55,286.09
04/21/1987,293.07,293.07,282.89,293.07
04/22/1987,287.19,293.46,286.98,287.19
04/23/1987,286.82,289.12,284.28,286.82
04/24/1987,281.52,286.82,281.18,281.52
04/27/1987,281.83,284.45,276.22,281.83
04/28/1987,282.51,285.95,281.83,282.51
04/29/1987,284.57,286.42,282.51,284.57
04/30/1987,288.36,290.08,284.57,288.36
05/01/87,288.03,289.71,286.52,288.03
05/04/87,289.36,289.99,286.39,289.36
05/05/87,295.34,295.4,289.34,295.34
05/06/87,295.47,296.19,295.47,295.47
05/07/87,294.17,296.8,294.07,294.17
05/08/87,293.37,296.18,291.73,293.37
05/11/87,291.57,298.69,291.55,291.57
05/12/87,293.3,293.3,290.18,293.3
05/13/1987,293.98,294.54,290.74,293.98
05/14/1987,294.24,295.1,292.95,294.24
05/15/1987,287.43,294.24,287.11,287.43
05/18/1987,286.65,287.43,282.57,286.65
05/19/1987,279.62,287.39,278.83,279.62
05/20/1987,278.21,280.89,277.01,278.21
05/21/1987,280.17,282.31,278.21,280.17
05/22/1987,282.16,283.33,280.17,282.16
05/26/1987,289.11,289.11,282.16,289.11
05/27/1987,288.73,290.78,288.19,288.73
05/28/1987,290.76,291.5,286.33,290.76
05/29/1987,290.1,292.87,289.7,290.1
06/01/87,289.83,291.96,289.23,289.83
06/02/87,288.46,290.04,286.93,288.46
06/03/87,293.47,293.47,288.46,293.47
06/04/87,295.09,295.1,292.76,295.09
06/05/87,293.45,295.11,292.8,293.45
06/08/87,296.72,297.03,291.55,296.72
06/09/87,297.28,297.59,295.9,297.28
06/10/87,297.47,300.81,295.66,297.47
06/11/87,298.73,298.94,297.47,298.73
06/12/87,301.62,302.22,300.8,301.62
06/15/1987,303.14,304.11,301.62,303.14
06/16/1987,304.76,304.86,302.6,304.76
06/17/1987,304.81,305.74,304.03,304.81
06/18/1987,305.69,306.13,303.38,305.69
06/19/1987,306.97,306.97,305.55,306.97
06/22/1987,309.65,310.2,306.97,309.65
06/23/1987,308.43,310.27,307.48,308.43
06/24/1987,306.86,308.91,306.32,306.86
06/25/1987,308.96,309.44,306.86,308.96
06/26/1987,307.16,308.96,306.38,307.16
06/29/1987,307.9,308.15,306.75,307.9
06/30/1987,304,308,303.01,304
07/01/87,302.94,304,302.53,302.94
07/02/87,305.63,306.34,302.94,305.63
07/06/87,304.92,306.75,304.23,304.92
07/07/87,307.4,308.63,304.73,307.4
07/08/87,308.29,308.48,306.01,308.29
07/09/87,307.52,309.56,307.42,307.52
07/10/87,308.37,308.4,306.96,308.37
07/13/1987,307.63,308.41,305.49,307.63
07/14/1987,310.68,310.69,307.46,310.68
07/15/1987,310.42,312.08,309.07,310.42
07/16/1987,312.7,312.83,310.42,312.7
07/17/1987,314.59,314.59,312.38,314.59
07/20/1987,311.39,314.59,311.24,311.39
07/21/1987,308.55,312.41,307.51,308.55
07/22/1987,308.47,309.12,307.22,308.47
07/23/1987,307.81,309.03,306.27,307.81
07/24/1987,309.27,309.28,307.78,309.27
07/27/1987,310.65,310.7,308.61,310.65
07/28/1987,312.33,312.33,310.28,312.33
07/29/1987,315.65,315.65,311.73,315.65
07/30/1987,318.05,318.53,315.65,318.05
07/31/1987,318.66,318.85,317.56,318.66
08/03/87,317.57,320.26,316.52,317.57
08/04/87,316.23,318.25,314.51,316.23
08/05/87,318.45,319.74,316.23,318.45
08/06/87,322.09,322.09,317.5,322.09
08/07/87,323,324.15,321.82,323
08/10/87,328,328,322.95,328
08/11/87,333.33,333.4,328,333.33
08/12/87,332.39,334.57,331.06,332.39
08/13/1987,334.65,335.52,332.38,334.65
08/14/1987,333.99,336.08,332.63,333.99
08/17/1987,334.11,335.43,332.88,334.11
08/18/1987,329.25,334.11,326.43,329.25
08/19/1987,329.83,329.89,326.54,329.83
08/20/1987,334.84,335.19,329.83,334.84
08/21/1987,335.9,336.37,334.3,335.9
08/24/1987,333.33,335.9,331.92,333.33
08/25/1987,336.77,337.89,333.33,336.77
08/26/1987,334.57,337.39,334.46,334.57
08/27/1987,331.38,334.57,331.1,331.38
08/28/1987,327.04,331.38,327.04,327.04
08/31/1987,329.8,329.79,327.82,329.8
09/01/87,323.4,332.18,322.83,323.4
09/02/87,321.68,324.53,318.76,321.68
09/03/87,320.21,324.29,317.39,320.21
09/04/87,316.7,322.03,316.53,316.7
09/08/87,313.56,316.7,308.56,313.56
09/09/87,313.92,315.41,312.29,313.92
09/10/87,317.13,317.59,313.92,317.13
09/11/87,321.98,322.45,317.13,321.98
09/14/1987,323.08,323.81,320.4,323.08
09/15/1987,317.74,323.08,317.63,317.74
09/16/1987,314.86,319.5,314.61,314.86
09/17/1987,314.93,316.08,313.45,314.93
09/18/1987,314.86,316.99,314.86,314.86
09/21/1987,310.54,317.66,310.12,310.54
09/22/1987,319.5,319.51,308.69,319.5
09/23/1987,321.19,321.83,319.12,321.19
09/24/1987,319.72,322.01,319.12,319.72
09/25/1987,320.16,320.55,318.1,320.16
09/28/1987,323.2,325.33,320.16,323.2
09/29/1987,321.69,324.63,320.27,321.69
09/30/1987,321.83,322.53,320.16,321.83
10/01/87,327.33,327.34,321.83,327.33
10/02/87,328.07,328.94,327.22,328.07
10/05/87,328.08,328.57,326.09,328.08
10/06/87,319.22,328.08,319.17,319.22
10/07/87,318.54,319.39,315.78,318.54
10/08/87,314.16,319.34,312.02,314.16
10/09/87,311.07,315.04,310.97,311.07
10/12/87,309.39,311.07,307.76,309.39
10/13/1987,314.52,314.53,309.39,314.52
10/14/1987,305.23,314.52,304.78,305.23
10/15/1987,298.08,305.23,298.07,298.08
10/16/1987,282.7,298.92,281.52,282.7
10/19/1987,224.84,282.7,224.83,224.84
10/20/1987,236.83,238.26,221.39,236.83
10/21/1987,258.38,258.47,249.6,258.38
10/22/1987,248.25,258.38,242.99,248.25
10/23/1987,248.22,250.7,242.76,248.22
10/26/1987,227.67,248.22,227.26,227.67
10/27/1987,233.19,237.81,227.67,233.19
10/28/1987,233.28,238.58,226.29,233.28
10/29/1987,244.77,246.69,233.28,244.77
10/30/1987,251.79,254.04,244.77,251.79
11/02/87,255.75,255.75,249.15,255.75
11/03/87,250.82,255.75,242.78,250.82
11/04/87,248.96,250.57,246.94,248.96
11/05/87,254.48,256.09,247.72,254.48
11/06/87,250.41,257.21,249.68,250.41
11/09/87,243.17,250.41,243.01,243.17
11/10/87,239,243.17,237.64,239
11/11/87,241.9,243.86,239,241.9
11/12/87,248.52,249.9,241.9,248.52
11/13/1987,245.64,249.42,245.64,245.64
11/16/1987,246.76,249.24,244.98,246.76
11/17/1987,243.04,243.41,240.93,243.04
11/18/1987,245.55,245.55,240.67,245.55
11/19/1987,240.05,245.55,239.7,240.05
11/20/1987,242,242,235.89,242
11/23/1987,242.99,242.99,240.5,242.99
11/24/1987,246.39,247.9,242.98,246.39
11/25/1987,244.1,246.54,244.08,244.1
11/27/1987,240.34,244.12,240.34,240.34
11/30/1987,230.3,240.34,225.78,230.3
12/01/87,232,234.02,230.3,232
12/02/87,233.45,234.56,230.31,233.45
12/03/87,225.21,233.9,225.21,225.21
12/04/87,223.92,225.77,221.24,223.92
12/07/87,228.76,228.77,223.92,228.76
12/08/87,234.91,234.92,228.69,234.91
12/09/87,238.89,240.09,233.83,238.89
12/10/87,233.57,240.05,233.4,233.57
12/11/87,235.32,235.48,233.35,235.32
12/14/1987,242.19,242.34,235.04,242.19
12/15/1987,242.8,245.59,241.31,242.8
12/16/1987,248.08,248.11,242.8,248.08
12/17/1987,242.98,248.6,242.96,242.98
12/18/1987,249.16,249.18,242.98,249.16
12/21/1987,249.54,250.25,248.3,249.54
12/22/1987,249.95,249.97,247.01,249.95
12/23/1987,253.16,253.35,249.95,253.16
12/24/1987,252.02,253.16,251.68,252.02
12/28/1987,245.57,252.02,244.19,245.57
12/29/1987,244.59,245.88,244.28,244.59
12/30/1987,247.86,248.06,244.59,247.86
12/31/1987,247.08,247.86,245.22,247.08
01/04/88,255.94,256.44,247.08,255.94
01/05/88,258.63,261.78,255.94,258.63
01/06/88,258.89,259.79,257.18,258.89
01/07/88,261.07,261.32,256.18,261.07
01/08/88,243.4,261.07,242.95,243.4
01/11/88,247.49,247.51,241.07,247.49
01/12/88,245.42,247.49,240.46,245.42
01/13/1988,245.81,249.25,241.41,245.81
01/14/1988,245.88,247,243.97,245.88
01/15/1988,252.05,253.65,245.88,252.05
01/18/1988,251.88,252.86,249.98,251.88
01/19/1988,249.32,253.33,248.75,249.32
01/20/1988,242.63,249.32,241.14,242.63
01/21/1988,243.14,244.25,240.17,243.14
01/22/1988,246.5,246.5,243.14,246.5
01/25/1988,252.17,252.87,246.5,252.17
01/26/1988,249.57,252.17,249.1,249.57
01/27/1988,249.38,253.02,248.5,249.38
01/28/1988,253.29,253.66,249.38,253.29
01/29/1988,257.07,257.07,252.7,257.07
02/01/88,255.04,258.27,254.93,255.04
02/02/88,255.57,256.08,252.8,255.57
02/03/88,252.21,256.98,250.56,252.21
02/04/88,252.21,253.03,250.34,252.21
02/05/88,250.96,253.85,250.9,250.96
02/08/88,249.1,250.96,247.82,249.1
02/09/88,251.72,251.72,248.66,251.72
02/10/88,256.66,256.92,251.72,256.66
02/11/88,255.95,257.77,255.12,255.95
02/12/88,257.63,258.86,255.85,257.63
02/16/1988,259.83,259.84,256.57,259.83
02/17/1988,259.21,261.47,257.83,259.21
02/18/1988,257.91,259.6,256.9,257.91
02/19/1988,261.61,261.61,257.62,261.61
02/22/1988,265.64,266.06,260.88,265.64
02/23/1988,265.02,266.12,263.11,265.02
02/24/1988,264.43,266.25,263.87,264.43
02/25/1988,261.58,267.75,261.05,261.58
02/26/1988,262.46,263,261.38,262.46
02/29/1988,267.82,267.82,262.46,267.82
03/01/88,267.22,267.95,265.39,267.22
03/02/88,267.98,268.75,267,267.98
03/03/88,267.88,268.4,266.82,267.88
03/04/88,267.3,268.4,264.72,267.3
03/07/88,267.38,267.69,265.94,267.38
03/08/88,269.43,270.06,267.38,269.43
03/09/88,269.06,270.76,268.65,269.06
03/10/88,263.84,269.35,263.8,263.84
03/11/88,264.94,264.94,261.27,264.94
03/14/1988,266.37,266.55,264.52,266.37
03/15/1988,266.13,266.41,264.92,266.13
03/16/1988,268.65,268.68,264.81,268.65
03/17/1988,271.22,271.22,268.65,271.22
03/18/1988,271.12,272.64,269.76,271.12
03/21/1988,268.74,271.12,267.42,268.74
03/22/1988,268.84,269.61,267.9,268.84
03/23/1988,268.91,269.79,268.01,268.91
03/24/1988,263.35,268.91,262.48,263.35
03/25/1988,258.51,263.44,258.12,258.51
03/28/1988,258.06,258.51,256.07,258.06
03/29/1988,260.07,260.86,258.06,260.07
03/30/1988,258.07,261.59,257.92,258.07
03/31/1988,258.89,259.03,256.16,258.89
04/04/88,256.09,258.86,256.09,256.09
04/05/88,258.51,258.52,256.03,258.51
04/06/88,265.49,265.5,258.22,265.49
04/07/88,266.16,267.32,265.22,266.16
04/08/88,269.43,270.22,266.11,269.43
04/11/88,270.16,270.41,268.61,270.16
04/12/88,271.37,272.05,269.66,271.37
04/13/1988,271.55,271.7,269.23,271.55
04/14/1988,259.75,271.57,259.37,259.75
04/15/1988,259.77,260.39,255.97,259.77
04/18/1988,259.21,259.81,258.03,259.21
04/19/1988,257.92,262.38,257.91,257.92
04/20/1988,256.13,258.54,256.12,256.13
04/21/1988,256.42,260.44,254.71,256.42
04/22/1988,260.14,261.16,256.42,260.14
04/25/1988,262.46,263.29,260.14,262.46
04/26/1988,263.93,265.06,262.18,263.93
04/27/1988,263.8,265.09,263.45,263.8
04/28/1988,262.61,263.8,262.22,262.61
04/29/1988,261.33,262.61,259.97,261.33
05/02/88,261.56,261.56,259.99,261.56
05/03/88,263,263.7,261.55,263
05/04/88,260.32,263.23,260.31,260.32
05/05/88,258.79,260.32,258.13,258.79
05/06/88,257.48,260.31,257.03,257.48
05/09/88,256.54,258.22,255.45,256.54
05/10/88,257.62,258.3,255.93,257.62
05/11/88,253.31,257.62,252.32,253.31
05/12/88,253.85,254.87,253.31,253.85
05/13/1988,256.78,256.83,253.85,256.78
05/16/1988,258.71,258.71,256.28,258.71
05/17/1988,255.39,260.2,255.35,255.39
05/18/1988,251.35,255.67,250.73,251.35
05/19/1988,252.57,252.57,248.85,252.57
05/20/1988,253.02,253.7,251.79,253.02
05/23/1988,250.83,253.02,249.82,250.83
05/24/1988,253.51,253.51,250.83,253.51
05/25/1988,253.76,255.34,253.51,253.76
05/26/1988,254.63,254.98,253.52,254.63
05/27/1988,253.42,254.63,252.74,253.42
05/31/1988,262.16,262.16,253.42,262.16
06/01/88,266.69,267.43,262.1,266.69
06/02/88,265.33,266.71,264.12,265.33
06/03/88,266.45,267.11,264.42,266.45
06/06/88,267.05,267.05,264.97,267.05
06/07/88,265.17,267.28,264.5,265.17
06/08/88,271.52,272.01,265.17,271.52
06/09/88,270.2,272.1,270.21,270.2
06/10/88,271.26,273.21,270.2,271.26
06/13/1988,271.43,271.94,270.53,271.43
06/14/1988,274.3,276.14,271.44,274.3
06/15/1988,274.45,274.45,272.75,274.45
06/16/1988,269.77,274.45,268.76,269.77
06/17/1988,270.68,270.77,268.09,270.68
06/20/1988,268.94,270.68,268.59,268.94
06/21/1988,271.67,271.67,267.52,271.67
06/22/1988,275.66,276.88,271.67,275.66
06/23/1988,274.82,275.89,274.26,274.82
06/24/1988,273.78,275.19,273.53,273.78
06/27/1988,269.06,273.79,268.85,269.06
06/28/1988,272.31,272.8,269.06,272.31
06/29/1988,270.98,273.01,269.49,270.98
06/30/1988,273.5,273.51,270.97,273.5
07/01/88,271.78,273.8,270.78,271.78
07/05/88,275.81,275.81,270.51,275.81
07/06/88,272.02,276.36,269.92,272.02
07/07/88,271.78,272.05,269.31,271.78
07/08/88,270.02,272.31,269.86,270.02
07/11/88,270.55,271.64,270.02,270.55
07/12/88,267.85,270.7,266.96,267.85
07/13/1988,269.32,269.46,266.12,269.32
07/14/1988,270.26,270.69,268.58,270.26
07/15/1988,272.05,272.06,269.53,272.05
07/18/1988,270.51,272.05,268.66,270.51
07/19/1988,268.47,271.21,267.01,268.47
07/20/1988,270,270.24,268.47,270
07/21/1988,266.66,270,266.66,266.66
07/22/1988,263.5,266.66,263.29,263.5
07/25/1988,264.68,265.17,263.03,264.68
07/26/1988,265.19,266.09,264.32,265.19
07/27/1988,262.5,265.83,262.48,262.5
07/28/1988,266.02,266.55,262.5,266.02
07/29/1988,272.02,272.02,266.02,272.02
08/01/88,272.21,272.8,271.21,272.21
08/02/88,272.06,273.68,270.37,272.06
08/03/88,272.98,273.42,271.15,272.98
08/04/88,271.93,274.2,271.77,271.93
08/05/88,271.15,271.93,270.08,271.15
08/08/88,269.98,272.47,269.93,269.98
08/09/88,266.49,270.2,265.06,266.49
08/10/88,261.9,266.49,261.03,261.9
08/11/88,262.75,262.77,260.34,262.75
08/12/88,262.55,262.94,261.37,262.55
08/15/1988,258.69,262.55,258.68,258.69
08/16/1988,260.56,262.61,257.5,260.56
08/17/1988,260.77,261.84,259.33,260.77
08/18/1988,261.03,262.76,260.75,261.03
08/19/1988,260.24,262.27,260.23,260.24
08/22/1988,256.98,260.71,256.94,256.98
08/23/1988,257.09,257.86,256.53,257.09
08/24/1988,261.13,261.13,257.09,261.13
08/25/1988,259.18,261.13,257.56,259.18
08/26/1988,259.68,260.15,258.87,259.68
08/29/1988,262.33,262.56,259.68,262.33
08/30/1988,262.51,263.18,261.53,262.51
08/31/1988,261.52,263.8,261.21,261.52
09/01/88,258.35,261.52,256.98,258.35
09/02/88,264.48,264.9,258.35,264.48
09/06/88,265.59,265.94,264.4,265.59
09/07/88,265.87,266.98,264.93,265.87
09/08/88,265.88,266.54,264.88,265.88
09/09/88,266.84,268.26,263.66,266.84
09/12/88,266.47,267.64,266.22,266.47
09/13/1988,267.43,267.43,265.22,267.43
09/14/1988,269.31,269.47,267.41,269.31
09/15/1988,268.13,269.78,268.03,268.13
09/16/1988,270.65,270.81,267.33,270.65
09/19/1988,268.82,270.65,267.41,268.82
09/20/1988,269.73,270.07,268.5,269.73
09/21/1988,270.16,270.64,269.48,270.16
09/22/1988,269.18,270.58,268.26,269.18
09/23/1988,269.76,270.31,268.28,269.76
09/26/1988,268.88,269.8,268.61,268.88
09/27/1988,268.26,269.36,268.01,268.26
09/28/1988,269.08,269.08,267.77,269.08
09/29/1988,272.59,273.02,269.08,272.59
09/30/1988,271.91,274.87,271.66,271.91
10/03/88,271.38,271.91,268.84,271.38
10/04/88,270.62,271.79,270.34,270.62
10/05/88,271.86,272.45,270.08,271.86
10/06/88,272.39,272.39,271.3,272.39
10/07/88,278.07,278.07,272.37,278.07
10/10/88,278.24,278.69,277.1,278.24
10/11/88,277.93,278.24,276.33,277.93
10/12/88,273.98,277.93,273.05,273.98
10/13/1988,275.22,275.83,273.39,275.22
10/14/1988,275.5,277.01,274.08,275.5
10/17/1988,276.41,276.65,275.01,276.41
10/18/1988,279.38,279.39,276.41,279.38
10/19/1988,276.97,280.53,274.41,276.97
10/20/1988,282.88,282.88,276.93,282.88
10/21/1988,283.66,283.66,281.16,283.66
10/24/1988,282.28,283.95,282.28,282.28
10/25/1988,282.38,282.84,281.87,282.38
10/26/1988,281.38,282.52,280.54,281.38
10/27/1988,277.28,281.38,276,277.28
10/28/1988,278.53,279.48,277.28,278.53
10/31/1988,278.97,279.39,277.14,278.97
11/01/88,279.06,279.57,278.01,279.06
11/02/88,279.06,279.45,277.08,279.06
11/03/88,279.2,280.37,279.04,279.2
11/04/88,276.31,279.2,276.31,276.31
11/07/88,273.93,276.31,273.62,273.93
11/08/88,275.15,275.8,273.93,275.15
11/09/88,273.33,275.15,272.15,273.33
11/10/88,273.69,274.37,272.98,273.69
11/11/88,267.92,273.69,267.92,267.92
11/14/1988,267.72,269.25,266.79,267.72
11/15/1988,268.34,268.75,267.72,268.34
11/16/1988,263.82,268.41,262.85,263.82
11/17/1988,264.6,265.63,263.45,264.6
11/18/1988,266.47,266.62,264.6,266.47
11/21/1988,266.22,266.47,263.41,266.22
11/22/1988,267.21,267.85,265.42,267.21
11/23/1988,269,269.56,267.21,269
11/25/1988,267.23,269,266.47,267.23
11/28/1988,268.64,268.98,266.97,268.64
11/29/1988,270.91,271.31,268.13,270.91
11/30/1988,273.7,274.36,270.9,273.7
12/01/88,272.49,273.7,272.27,272.49
12/02/88,271.81,272.49,270.47,271.81
12/05/88,274.93,275.62,271.81,274.93
12/06/88,277.59,277.89,274.62,277.59
12/07/88,278.13,279.01,277.34,278.13
12/08/88,276.57,278.13,276.55,276.57
12/09/88,277.03,277.82,276.34,277.03
12/12/88,276.52,278.82,276.52,276.52
12/13/1988,276.31,276.52,274.58,276.31
12/14/1988,275.31,276.31,274.58,275.31
12/15/1988,274.28,275.62,274.01,274.28
12/16/1988,276.29,276.29,274.28,276.29
12/19/1988,278.91,279.31,275.61,278.91
12/20/1988,277.47,280.45,277.47,277.47
12/21/1988,277.38,277.83,276.3,277.38
12/22/1988,276.87,277.89,276.86,276.87
12/23/1988,277.87,277.99,276.87,277.87
12/27/1988,276.83,278.09,276.74,276.83
12/28/1988,277.08,277.55,276.17,277.08
12/29/1988,279.4,279.42,277.08,279.4
12/30/1988,277.72,279.78,277.72,277.72
01/03/89,275.31,277.72,273.81,275.31
01/04/89,279.43,279.75,275.31,279.43
01/05/89,280.01,281.51,279.43,280.01
01/06/89,280.67,282.06,280.01,280.67
01/09/89,280.98,281.89,280.32,280.98
01/10/89,280.38,281.58,279.44,280.38
01/11/89,282.01,282.01,280.21,282.01
01/12/89,283.17,284.63,282.01,283.17
01/13/1989,283.87,284.12,282.71,283.87
01/16/1989,284.14,284.88,283.63,284.14
01/17/1989,283.55,284.14,283.06,283.55
01/18/1989,286.53,286.87,282.65,286.53
01/19/1989,286.9,287.9,286.14,286.9
01/20/1989,286.63,287.04,285.75,286.63
01/23/1989,284.5,287.98,284.5,284.5
01/24/1989,288.49,288.49,284.5,288.49
01/25/1989,289.14,289.15,287.97,289.14
01/26/1989,291.69,292.62,288.13,291.69
01/27/1989,293.82,296.08,291.69,293.82
01/30/1989,294.99,295.13,293.54,294.99
01/31/1989,297.47,297.51,293.57,297.47
02/01/89,297.09,298.33,296.22,297.09
02/02/89,296.84,297.92,295.81,296.84
02/03/89,296.97,297.66,296.15,296.97
02/06/89,296.04,296.99,294.96,296.04
02/07/89,299.63,300.34,295.78,299.63
02/08/89,298.65,300.57,298.41,298.65
02/09/89,296.06,298.79,295.16,296.06
02/10/89,292.02,296.06,291.96,292.02
02/13/1989,292.54,293.07,290.88,292.54
02/14/1989,291.81,294.37,291.41,291.81
02/15/1989,294.24,294.42,291.49,294.24
02/16/1989,294.81,295.15,294.22,294.81
02/17/1989,296.76,297.12,294.69,296.76
02/21/1989,295.98,297.04,295.16,295.98
02/22/1989,290.91,295.98,290.76,290.91
02/23/1989,292.05,292.05,289.83,292.05
02/24/1989,287.13,292.05,287.13,287.13
02/27/1989,287.82,288.12,286.26,287.82
02/28/1989,288.86,289.42,287.63,288.86
03/01/89,287.11,290.28,286.46,287.11
03/02/89,289.95,290.32,287.11,289.95
03/03/89,291.18,291.18,289.44,291.18
03/06/89,294.81,294.81,291.18,294.81
03/07/89,293.87,295.16,293.5,293.87
03/08/89,294.08,295.62,293.51,294.08
03/09/89,293.93,294.69,293.85,293.93
03/10/89,292.88,293.93,291.6,292.88
03/13/1989,295.32,296.18,292.88,295.32
03/14/1989,295.14,296.29,294.63,295.14
03/15/1989,296.67,296.78,295.14,296.67
03/16/1989,299.44,299.99,296.66,299.44
03/17/1989,292.69,299.44,291.08,292.69
03/20/1989,289.92,292.69,288.56,289.92
03/21/1989,291.33,292.38,289.92,291.33
03/22/1989,290.49,291.46,289.9,290.49
03/23/1989,288.98,291.51,288.56,288.98
03/27/1989,290.57,290.57,288.18,290.57
03/28/1989,291.59,292.32,290.57,291.59
03/29/1989,292.35,292.75,291.42,292.35
03/30/1989,292.52,293.8,291.5,292.52
03/31/1989,294.87,294.96,292.52,294.87
04/03/89,296.39,297.04,294.62,296.39
04/04/89,295.31,296.4,294.72,295.31
04/05/89,296.24,296.43,295.28,296.24
04/06/89,295.29,296.24,294.52,295.29
04/07/89,297.16,297.62,294.35,297.16
04/10/89,297.11,297.94,296.85,297.11
04/11/89,298.49,298.87,297.11,298.49
04/12/89,298.99,299.81,298.49,298.99
04/13/1989,296.4,299,296.27,296.4
04/14/1989,301.36,301.38,296.4,301.36
04/17/1989,301.72,302.01,300.71,301.72
04/18/1989,306.02,306.25,301.72,306.02
04/19/1989,307.15,307.68,305.36,307.15
04/20/1989,306.19,307.96,304.53,306.19
04/21/1989,309.61,309.61,306.19,309.61
04/24/1989,308.69,309.61,307.83,308.69
04/25/1989,306.75,309.65,306.74,306.75
04/26/1989,306.93,307.3,306.07,306.93
04/27/1989,309.58,310.45,306.93,309.58
04/28/1989,309.64,309.65,308.48,309.64
05/01/89,309.12,309.64,307.4,309.12
05/02/89,308.12,310.45,308.12,308.12
05/03/89,308.16,308.52,307.11,308.16
05/04/89,307.77,308.4,307.32,307.77
05/05/89,307.61,310.69,306.98,307.61
05/08/89,306,307.61,304.74,306
05/09/89,305.19,306.99,304.06,305.19
05/10/89,305.8,306.25,304.85,305.8
05/11/89,306.95,307.34,305.8,306.95
05/12/89,313.84,313.84,306.95,313.84
05/15/1989,316.16,316.16,313.84,316.16
05/16/1989,315.28,316.16,314.99,315.28
05/17/1989,317.48,317.94,315.11,317.48
05/18/1989,317.97,318.52,316.54,317.97
05/19/1989,321.24,321.38,317.97,321.24
05/22/1989,321.98,323.06,320.45,321.98
05/23/1989,318.32,321.98,318.2,318.32
05/24/1989,319.14,319.14,317.58,319.14
05/25/1989,319.17,319.6,318.42,319.17
05/26/1989,321.59,321.59,319.14,321.59
05/30/1989,319.05,322.53,317.83,319.05
05/31/1989,320.52,321.3,318.68,320.52
06/01/89,321.97,322.57,320.01,321.97
06/02/89,325.52,325.63,321.97,325.52
06/05/89,322.03,325.93,322.02,322.03
06/06/89,324.24,324.48,321.27,324.24
06/07/89,326.95,327.39,324.24,326.95
06/08/89,326.75,327.37,325.92,326.75
06/09/89,326.69,327.32,325.16,326.69
06/12/89,326.24,326.69,323.73,326.24
06/13/1989,323.41,326.24,322.96,323.41
06/14/1989,323.83,324.89,322.8,323.83
06/15/1989,320.08,323.83,319.21,320.08
06/16/1989,321.35,321.36,318.69,321.35
06/19/1989,321.89,321.89,320.4,321.89
06/20/1989,321.25,322.78,321.03,321.25
06/21/1989,320.48,321.87,319.25,320.48
06/22/1989,322.32,322.34,320.2,322.32
06/23/1989,328,328,322.32,328
06/26/1989,326.6,328.15,326.31,326.6
06/27/1989,328.44,329.19,326.59,328.44
06/28/1989,325.81,328.44,324.3,325.81
06/29/1989,319.68,325.81,319.54,319.68
06/30/1989,317.98,319.97,314.38,317.98
07/03/89,319.23,319.27,317.27,319.23
07/05/89,320.64,321.22,317.26,320.64
07/06/89,321.55,321.55,320.45,321.55
07/07/89,324.91,325.87,321.08,324.91
07/10/89,327.07,327.07,324.91,327.07
07/11/89,328.78,330.42,327.07,328.78
07/12/89,329.81,330.39,327.92,329.81
07/13/1989,329.95,330.37,329.08,329.95
07/14/1989,331.84,331.89,327.13,331.84
07/17/1989,332.44,333.02,331.02,332.44
07/18/1989,331.35,332.44,330.75,331.35
07/19/1989,335.73,335.73,331.35,335.73
07/20/1989,333.51,337.4,333.22,333.51
07/21/1989,335.9,335.91,332.46,335.9
07/24/1989,333.67,335.9,333.44,333.67
07/25/1989,333.88,336.29,332.6,333.88
07/26/1989,338.05,338.05,333.19,338.05
07/27/1989,341.99,342,338.05,341.99
07/28/1989,342.15,342.96,341.3,342.15
07/31/1989,346.08,346.08,342.02,346.08
08/01/89,343.75,347.99,342.93,343.75
08/02/89,344.34,344.34,342.47,344.34
08/03/89,344.74,345.22,343.81,344.74
08/04/89,343.92,345.42,342.6,343.92
08/07/89,349.41,349.42,343.91,349.41
08/08/89,349.35,349.84,348.28,349.35
08/09/89,346.94,351,346.86,346.94
08/10/89,348.25,349.78,345.31,348.25
08/11/89,344.74,351.18,344.01,344.74
08/14/1989,343.06,345.44,341.96,343.06
08/15/1989,344.71,345.03,343.05,344.71
08/16/1989,345.66,346.37,344.71,345.66
08/17/1989,344.45,346.39,342.97,344.45
08/18/1989,346.03,346.03,343.89,346.03
08/21/1989,340.67,346.25,340.55,340.67
08/22/1989,341.19,341.25,339,341.19
08/23/1989,344.7,344.8,341.19,344.7
08/24/1989,351.52,351.52,344.7,351.52
08/25/1989,350.52,352.73,350.09,350.52
08/28/1989,352.09,352.09,349.08,352.09
08/29/1989,349.84,352.12,348.86,349.84
08/30/1989,350.65,352.27,348.66,350.65
08/31/1989,351.45,351.45,350.21,351.45
09/01/89,353.73,353.9,350.88,353.73
09/05/89,352.56,354.13,351.82,352.56
09/06/89,349.24,352.56,347.98,349.24
09/07/89,348.35,350.31,348.15,348.35
09/08/89,348.76,349.18,345.74,348.76
09/11/89,347.66,348.76,345.91,347.66
09/12/89,348.7,349.46,347.5,348.7
09/13/1989,345.46,350.1,345.46,345.46
09/14/1989,343.16,345.61,342.55,343.16
09/15/1989,345.06,345.06,341.37,345.06
09/18/1989,346.73,346.84,344.6,346.73
09/19/1989,346.55,348.17,346.44,346.55
09/20/1989,346.47,347.27,346.18,346.47
09/21/1989,345.7,348.46,344.96,345.7
09/22/1989,347.05,347.57,345.69,347.05
09/25/1989,344.23,347.05,343.7,344.23
09/26/1989,344.33,347.02,344.13,344.33
09/27/1989,345.1,345.47,342.85,345.1
09/28/1989,348.6,348.61,345.1,348.6
09/29/1989,349.15,350.31,348.12,349.15
10/02/89,350.87,350.99,348.35,350.87
10/03/89,354.71,354.73,350.85,354.71
10/04/89,356.94,357.49,354.71,356.94
10/05/89,356.97,357.63,356.28,356.97
10/06/89,358.78,359.05,356.97,358.78
10/09/89,359.8,359.86,358.06,359.8
10/10/89,359.13,360.44,358.11,359.13
10/11/89,356.99,359.13,356.08,356.99
10/12/89,355.39,356.99,354.91,355.39
10/13/1989,333.65,355.53,332.81,333.65
10/16/1989,342.85,342.87,327.12,342.85
10/17/1989,341.16,342.85,335.69,341.16
10/18/1989,341.76,343.39,339.03,341.76
10/19/1989,347.13,348.82,341.76,347.13
10/20/1989,347.16,347.57,344.47,347.16
10/23/1989,344.83,348.19,344.22,344.83
10/24/1989,343.7,344.83,335.13,343.7
10/25/1989,342.5,344.51,341.96,342.5
10/26/1989,337.93,342.5,337.2,337.93
10/27/1989,335.06,337.97,333.26,335.06
10/30/1989,335.07,337.04,334.48,335.07
10/31/1989,340.36,340.86,335.07,340.36
11/01/89,341.2,341.74,339.79,341.2
11/02/89,338.48,341.2,336.61,338.48
11/03/89,337.62,339.67,337.37,337.62
11/06/89,332.61,337.62,332.33,332.61
11/07/89,334.81,334.82,330.91,334.81
11/08/89,338.15,339.41,334.81,338.15
11/09/89,336.57,338.73,336.21,336.57
11/10/89,339.1,339.1,336.57,339.1
11/13/1989,339.55,340.51,337.93,339.55
11/14/1989,337.99,340.41,337.06,337.99
11/15/1989,340.54,340.54,337.14,340.54
11/16/1989,340.58,341.02,338.93,340.58
11/17/1989,341.61,342.24,339.85,341.61
11/20/1989,339.35,341.9,338.29,339.35
11/21/1989,339.59,340.21,337.53,339.59
11/22/1989,341.91,341.92,339.59,341.91
11/24/1989,343.97,344.24,341.91,343.97
11/27/1989,345.61,346.24,343.97,345.61
11/28/1989,345.77,346.33,344.41,345.77
11/29/1989,343.6,345.77,343.36,343.6
11/30/1989,345.99,346.5,343.57,345.99
12/01/89,350.63,351.88,345.99,350.63
12/04/89,351.41,351.51,350.32,351.41
12/05/89,349.58,352.24,349.58,349.58
12/06/89,348.55,349.94,347.91,348.55
12/07/89,347.59,349.84,346,347.59
12/08/89,348.69,349.6,347.59,348.69
12/11/89,348.56,348.74,346.39,348.56
12/12/89,351.73,352.21,348.41,351.73
12/13/1989,352.75,354.1,351.65,352.75
12/14/1989,350.93,352.75,350.08,350.93
12/15/1989,350.14,351.86,346.08,350.14
12/18/1989,343.69,350.88,342.19,343.69
12/19/1989,342.46,343.74,339.63,342.46
12/20/1989,342.84,343.7,341.79,342.84
12/21/1989,344.78,345.03,342.84,344.78
12/22/1989,347.42,347.53,344.76,347.42
12/26/1989,346.81,347.87,346.53,346.81
12/27/1989,348.81,349.12,346.81,348.81
12/28/1989,350.67,350.68,348.76,350.67
12/29/1989,353.4,353.41,350.67,353.4
01/02/90,359.69,359.69,351.98,359.69
01/03/90,358.76,360.59,357.89,358.76
01/04/90,355.67,358.76,352.89,355.67
01/05/90,352.2,355.67,351.35,352.2
01/08/90,353.79,354.24,350.54,353.79
01/09/90,349.62,354.17,349.61,349.62
01/10/90,347.31,349.62,344.32,347.31
01/11/90,348.53,350.14,347.31,348.53
01/12/90,339.93,348.53,339.49,339.93
01/15/1990,337,339.94,336.57,337
01/16/1990,340.75,340.75,333.37,340.75
01/17/1990,337.4,342.01,336.26,337.4
01/18/1990,338.19,338.38,333.98,338.19
01/19/1990,339.15,340.48,338.19,339.15
01/22/1990,330.38,339.96,330.28,330.38
01/23/1990,331.61,332.76,328.67,331.61
01/24/1990,330.26,331.71,324.17,330.26
01/25/1990,326.08,332.33,325.33,326.08
01/26/1990,325.8,328.58,321.44,325.8
01/29/1990,325.2,327.31,321.79,325.2
01/30/1990,322.98,325.73,319.83,322.98
01/31/1990,329.08,329.08,322.98,329.08
02/01/90,328.79,329.86,327.76,328.79
02/02/90,330.92,332.1,328.09,330.92
02/05/90,331.85,332.16,330.45,331.85
02/06/90,329.66,331.86,328.2,329.66
02/07/90,333.75,333.76,326.55,333.75
02/08/90,332.96,336.09,332,332.96
02/09/90,333.62,334.6,332.41,333.62
02/12/90,330.08,333.62,329.97,330.08
02/13/1990,331.02,331.61,327.92,331.02
02/14/1990,332.01,333.2,330.64,332.01
02/15/1990,334.89,335.21,331.61,334.89
02/16/1990,332.72,335.64,332.42,332.72
02/20/1990,327.99,332.72,326.26,327.99
02/21/1990,327.67,328.17,324.47,327.67
02/22/1990,325.7,330.98,325.7,325.7
02/23/1990,324.15,326.15,322.1,324.15
02/26/1990,328.67,328.67,323.98,328.67
02/27/1990,330.26,331.94,328.47,330.26
02/28/1990,331.89,333.48,330.16,331.89
03/01/90,332.74,334.4,331.08,332.74
03/02/90,335.54,335.54,332.72,335.54
03/05/90,333.74,336.38,333.49,333.74
03/06/90,337.93,337.93,333.57,337.93
03/07/90,336.95,338.84,336.33,336.95
03/08/90,340.27,340.66,336.95,340.27
03/09/90,337.93,340.27,336.84,337.93
03/12/90,338.67,339.08,336.14,338.67
03/13/1990,336,338.67,335.36,336
03/14/1990,336.87,337.63,334.93,336.87
03/15/1990,338.07,338.91,336.87,338.07
03/16/1990,341.91,341.91,338.07,341.91
03/19/1990,343.53,343.76,339.12,343.53
03/20/1990,341.57,344.49,340.87,341.57
03/21/1990,339.74,342.34,339.56,339.74
03/22/1990,335.69,339.77,333.62,335.69
03/23/1990,337.22,337.58,335.69,337.22
03/26/1990,337.63,339.74,337.22,337.63
03/27/1990,341.5,341.5,337.03,341.5
03/28/1990,342,342.58,340.6,342
03/29/1990,340.79,342.07,339.77,340.79
03/30/1990,339.94,341.41,338.21,339.94
04/02/90,338.7,339.94,336.33,338.7
04/03/90,343.64,343.76,338.7,343.64
04/04/90,341.09,344.12,340.4,341.09
04/05/90,340.73,342.85,340.63,340.73
04/06/90,340.08,341.73,338.94,340.08
04/09/90,341.37,341.83,339.88,341.37
04/10/90,342.07,342.41,340.62,342.07
04/11/90,341.92,343,341.26,341.92
04/12/90,344.34,344.79,341.91,344.34
04/16/1990,344.74,347.3,344.1,344.74
04/17/1990,344.68,345.19,342.06,344.68
04/18/1990,340.72,345.33,340.11,340.72
04/19/1990,338.09,340.72,337.59,338.09
04/20/1990,335.12,338.52,333.41,335.12
04/23/1990,331.05,335.12,330.09,331.05
04/24/1990,330.36,332.97,329.71,330.36
04/25/1990,332.03,332.74,330.36,332.03
04/26/1990,332.92,333.76,330.67,332.92
04/27/1990,329.11,333.57,328.71,329.11
04/30/1990,330.8,331.31,327.76,330.8
05/01/90,332.25,332.83,330.8,332.25
05/02/90,334.48,334.48,332.15,334.48
05/03/90,335.57,337.02,334.47,335.57
05/04/90,338.39,338.46,335.17,338.39
05/07/90,340.53,341.07,338.11,340.53
05/08/90,342.01,342.03,340.17,342.01
05/09/90,342.86,343.08,340.9,342.86
05/10/90,343.82,344.98,342.77,343.82
05/11/90,352,352.31,343.82,352
05/14/1990,354.75,358.41,351.95,354.75
05/15/1990,354.28,355.09,352.84,354.28
05/16/1990,354,354.68,351.95,354
05/17/1990,354.47,356.92,354,354.47
05/18/1990,354.64,354.64,352.52,354.64
05/21/1990,358,359.07,353.78,358
05/22/1990,358.43,360.5,356.09,358.43
05/23/1990,359.29,359.29,356.99,359.29
05/24/1990,358.41,359.56,357.87,358.41
05/25/1990,354.58,358.41,354.32,354.58
05/29/1990,360.65,360.65,354.55,360.65
05/30/1990,360.86,362.26,360,360.86
05/31/1990,361.23,361.84,360.23,361.23
06/01/90,363.16,363.52,361.21,363.16
06/04/90,367.4,367.85,362.43,367.4
06/05/90,366.64,368.78,365.49,366.64
06/06/90,364.96,366.64,364.42,364.96
06/07/90,363.15,365.92,361.6,363.15
06/08/90,358.71,363.49,357.68,358.71
06/11/90,361.63,361.63,357.7,361.63
06/12/90,366.25,367.27,361.15,366.25
06/13/1990,364.9,367.09,364.51,364.9
06/14/1990,362.9,364.9,361.64,362.9
06/15/1990,362.91,363.14,360.71,362.91
06/18/1990,356.88,362.91,356.88,356.88
06/19/1990,358.47,358.9,356.18,358.47
06/20/1990,359.1,359.91,357,359.1
06/21/1990,360.47,360.88,357.63,360.47
06/22/1990,355.43,363.2,355.31,355.43
06/25/1990,352.31,356.41,351.91,352.31
06/26/1990,352.06,356.09,351.85,352.06
06/27/1990,355.14,355.89,351.23,355.14
06/28/1990,357.63,357.63,355.14,357.63
06/29/1990,358.02,359.09,357.3,358.02
07/02/90,359.54,359.58,357.54,359.54
07/03/90,360.16,360.73,359.44,360.16
07/05/90,355.68,360.16,354.86,355.68
07/06/90,358.42,359.02,354.64,358.42
07/09/90,359.52,360.05,358.11,359.52
07/10/90,356.49,359.74,356.41,356.49
07/11/90,361.23,361.23,356.49,361.23
07/12/90,365.44,365.46,360.57,365.44
07/13/1990,367.31,369.68,365.44,367.31
07/16/1990,368.95,369.78,367.3,368.95
07/17/1990,367.52,369.4,364.99,367.52
07/18/1990,364.22,367.52,362.95,364.22
07/19/1990,365.32,365.32,361.29,365.32
07/20/1990,361.61,366.64,361.58,361.61
07/23/1990,355.31,361.61,350.09,355.31
07/24/1990,355.79,356.09,351.46,355.79
07/25/1990,357.09,357.52,354.8,357.09
07/26/1990,355.91,357.47,353.95,355.91
07/27/1990,353.44,355.94,352.14,353.44
07/30/1990,355.55,355.55,351.15,355.55
07/31/1990,356.15,357.54,353.91,356.15
08/01/90,355.52,357.35,353.82,355.52
08/02/90,351.48,355.52,349.73,351.48
08/03/90,344.86,351.48,338.2,344.86
08/06/90,334.43,344.86,333.27,334.43
08/07/90,334.83,338.63,332.22,334.83
08/08/90,338.35,339.21,334.83,338.35
08/09/90,339.94,340.56,337.56,339.94
08/10/90,335.52,339.94,334.22,335.52
08/13/1990,338.84,338.88,332.02,338.84
08/14/1990,339.39,340.96,337.19,339.39
08/15/1990,340.06,341.92,339.38,340.06
08/16/1990,332.39,340.06,332.39,332.39
08/17/1990,327.83,332.39,324.63,327.83
08/20/1990,328.51,329.9,327.07,328.51
08/21/1990,321.86,328.51,318.78,321.86
08/22/1990,316.55,324.15,316.55,316.55
08/23/1990,307.06,316.55,306.56,307.06
08/24/1990,311.51,311.65,306.18,311.51
08/27/1990,321.44,323.11,311.51,321.44
08/28/1990,321.34,322.2,320.25,321.34
08/29/1990,324.19,325.83,320.87,324.19
08/30/1990,318.71,324.57,317.82,318.71
08/31/1990,322.56,322.57,316.59,322.56
09/04/90,323.09,323.09,319.11,323.09
09/05/90,324.39,324.52,320.99,324.39
09/06/90,320.46,324.39,319.37,320.46
09/07/90,323.4,324.18,319.71,323.4
09/10/90,321.63,326.53,320.31,321.63
09/11/90,321.04,322.18,319.6,321.04
09/12/90,322.54,322.55,319.6,322.54
09/13/1990,318.65,322.54,318.02,318.65
09/14/1990,316.83,318.65,314.76,316.83
09/17/1990,317.77,318.05,315.21,317.77
09/18/1990,318.6,318.85,314.27,318.6
09/19/1990,316.6,319.35,316.25,316.6
09/20/1990,311.48,316.6,310.55,311.48
09/21/1990,311.32,312.17,307.98,311.32
09/24/1990,304.59,311.32,303.58,304.59
09/25/1990,308.26,308.27,304.23,308.26
09/26/1990,305.06,308.28,303.05,305.06
09/27/1990,300.97,307.47,299.1,300.97
09/28/1990,306.05,306.05,295.98,306.05
10/01/90,314.94,314.94,306.05,314.94
10/02/90,315.21,319.69,314.94,315.21
10/03/90,311.4,316.26,310.7,311.4
10/04/90,312.69,313.4,308.59,312.69
10/05/90,311.5,314.79,305.76,311.5
10/08/90,313.48,315.03,311.5,313.48
10/09/90,305.1,313.48,305.09,305.1
10/10/90,300.39,306.43,299.21,300.39
10/11/90,295.46,301.45,294.51,295.46
10/12/90,300.03,301.68,295.22,300.03
10/15/1990,303.23,304.79,296.41,303.23
10/16/1990,298.92,304.34,298.12,298.92
10/17/1990,298.76,301.5,297.79,298.76
10/18/1990,305.74,305.74,298.75,305.74
10/19/1990,312.48,312.48,305.74,312.48
10/22/1990,314.76,315.83,310.47,314.76
10/23/1990,312.36,315.06,312.06,312.36
10/24/1990,312.6,313.51,310.73,312.6
10/25/1990,310.17,313.71,309.7,310.17
10/26/1990,304.71,310.17,304.71,304.71
10/29/1990,301.88,307.41,300.69,301.88
10/30/1990,304.06,304.36,299.44,304.06
10/31/1990,304,305.7,303.33,304
11/01/90,307.02,307.27,301.61,307.02
11/02/90,311.85,311.94,306.88,311.85
11/05/90,314.59,314.61,311.41,314.59
11/06/90,311.62,314.76,311.43,311.62
11/07/90,306.01,311.62,305.79,306.01
11/08/90,307.61,309.77,305.03,307.61
11/09/90,313.74,313.78,307.61,313.74
11/12/90,319.48,319.77,313.73,319.48
11/13/1990,317.67,319.48,317.26,317.67
11/14/1990,320.4,321.7,317.23,320.4
11/15/1990,317.02,320.4,316.13,317.02
11/16/1990,317.12,318.8,314.99,317.12
11/19/1990,319.34,319.39,317.12,319.34
11/20/1990,315.31,319.34,315.31,315.31
11/21/1990,316.03,316.15,312.42,316.03
11/23/1990,315.1,317.3,315.06,315.1
11/26/1990,316.51,316.51,311.48,316.51
11/27/1990,318.1,318.65,315.79,318.1
11/28/1990,317.95,319.96,317.62,317.95
11/29/1990,316.42,317.95,315.03,316.42
11/30/1990,322.22,323.02,315.42,322.22
12/03/90,324.1,324.9,322.22,324.1
12/04/90,326.35,326.77,321.97,326.35
12/05/90,329.92,329.92,325.66,329.92
12/06/90,329.07,333.98,328.37,329.07
12/07/90,327.75,329.39,326.39,327.75
12/10/90,328.89,328.97,326.15,328.89
12/11/90,326.44,328.89,325.65,326.44
12/12/90,330.19,330.36,326.44,330.19
12/13/1990,329.34,330.58,328.77,329.34
12/14/1990,326.82,329.34,325.16,326.82
12/17/1990,326.02,326.82,324.46,326.02
12/18/1990,330.05,330.43,325.75,330.05
12/19/1990,330.2,330.8,329.39,330.2
12/20/1990,330.12,330.74,326.94,330.12
12/21/1990,331.75,332.47,330.12,331.75
12/24/1990,329.9,331.75,329.16,329.9
12/26/1990,330.85,331.69,329.89,330.85
12/27/1990,328.29,331.04,328.23,328.29
12/28/1990,328.72,328.72,327.24,328.72
12/31/1990,330.22,330.23,327.5,330.22